Isolate,Length,CRISPRIE,CRISPRIF,CRISPRIC,Presence,AcrGenes,CRISPRAcr,Clade,Abi,BREX,CRISPRCas,DISARM,DND,Druantia,Gabija,Hachiman,Kiwa,Lamassu,Pagos,RM,Septu,Shedu,TA,Thoeris,Wadjet,Zorya,TotalDefenseGenes
59.20,6387876,0,1,0,Present,,CRISPR+,1,0,16,6,15,3,16,5,16,0,3,0,8,1,0,38,1,2,11,141
Aa245,6852167,0,0,0,Not Present,,CRISPR-,2,1,15,0,19,5,22,8,19,0,4,0,16,5,0,44,1,3,13,175
Aa246,6603575,0,1,0,Present,,CRISPR+,2,1,14,6,16,3,16,7,16,0,3,0,12,5,0,39,1,2,14,155
Be128,6940114,0,0,0,Not Present,,CRISPR-,2,0,17,0,18,6,17,10,17,0,6,0,13,4,0,43,1,2,15,169
Be136,6841321,0,0,0,Not Present,,CRISPR-,2,0,12,0,12,5,12,5,12,0,2,0,11,1,0,32,0,2,11,117
Bo559,6982852,0,0,0,Not Present,,CRISPR-,2,0,15,0,18,4,17,9,16,0,3,0,12,3,0,41,1,2,13,154
Br642,6822255,0,0,0,Not Present,"['AcrIE1', 'AcrIF12']",CRISPR-,2,0,18,0,18,5,17,8,16,0,4,0,14,5,0,42,1,2,14,164
Br906,6398016,1,0,0,Present,,CRISPR+,2,0,13,5,15,3,16,5,16,0,3,0,8,2,0,36,0,2,12,136
Bu007,6751339,0,0,0,Not Present,['AcrIF3'],CRISPR-,2,0,15,0,19,5,22,8,19,0,4,0,14,3,0,44,1,3,11,168
C3128,6737175,0,1,0,Present,,CRISPR+,1,1,17,6,18,6,19,7,17,0,4,1,17,3,0,46,1,4,14,181
C5311,6318013,0,0,0,Not Present,,CRISPR-,1,1,13,0,15,4,16,5,16,0,3,0,9,1,0,38,0,2,11,134
Cotonu1,6774720,0,0,0,Not Present,,CRISPR-,2,0,19,0,18,6,17,8,16,0,4,0,15,5,0,44,0,2,17,171
CPHL10299,6347690,0,1,0,Present,,CRISPR+,1,1,13,6,15,3,16,6,16,0,3,0,12,1,0,37,0,2,11,142
CPHL10662,6962112,0,0,0,Not Present,,CRISPR-,2,0,18,0,18,6,17,8,18,0,3,0,23,3,1,44,4,2,16,181
CPHL6749,6368002,0,0,0,Not Present,,CRISPR-,1,1,13,0,15,3,16,5,16,0,3,0,10,1,0,38,0,2,11,134
CPHL8203,7004502,0,0,0,Not Present,"['AcrIE1', 'AcrIE3', 'AcrIF12']",CRISPR-,1,0,17,0,18,5,17,7,16,0,4,0,19,4,0,47,0,2,17,173
IDEXX_Canine4,6779738,0,1,0,Present,,CRISPR+,2,0,15,6,18,4,17,8,16,0,4,0,17,4,1,42,0,6,14,172
Is573,6721313,0,0,0,Not Present,['AcrIF4'],CRISPR-,2,1,16,0,18,5,21,8,18,0,4,0,17,4,0,44,1,3,12,172
Is580,6823231,0,1,0,Present,"['AcrIF3', 'AcrIE2']",CRISPR-,1,1,15,6,19,6,18,6,17,0,3,0,14,4,0,43,0,2,15,169
JIP477,7069412,0,0,0,Not Present,"['AcrIE1', 'AcrIF12']",CRISPR-,1,0,17,0,19,6,21,7,19,0,4,0,16,2,0,48,2,2,13,176
JIP488,7034251,0,0,0,Not Present,"['AcrIE2', 'AcrIF3', 'AcrIE2', 'AcrIF3']",CRISPR-,2,0,18,0,18,6,20,10,18,0,5,1,19,5,0,43,0,6,15,184
JIP491,6788295,0,0,0,Not Present,,CRISPR-,2,1,19,0,17,6,20,9,18,0,5,0,17,6,0,44,1,3,15,181
JIP498,6992242,0,0,0,Not Present,"['AcrIF3', 'AcrIE2']",CRISPR-,2,0,18,0,18,6,20,10,18,0,5,1,19,5,0,44,0,6,15,185
JIP500,6832793,0,1,0,Present,,CRISPR+,1,1,17,6,18,6,19,9,17,0,4,1,17,4,0,47,3,4,15,188
JIP502,6732085,0,0,0,Not Present,,CRISPR-,2,1,18,0,19,6,22,8,19,0,4,0,17,4,0,43,1,3,12,177
JIP503,6990694,0,0,0,Not Present,"['AcrIF3', 'AcrIE2']",CRISPR-,2,0,18,0,18,6,20,10,18,0,5,1,19,5,0,43,0,6,15,184
JIP509,6654194,0,0,0,Not Present,,CRISPR-,2,1,17,0,18,5,18,8,18,0,4,0,17,3,0,42,1,3,12,167
JIP518,7030264,0,0,0,Not Present,"['AcrIE2', 'AcrIF3', 'AcrIE2', 'AcrIF3']",CRISPR-,2,0,18,0,18,6,20,10,18,0,5,1,19,5,0,43,0,6,15,184
JIP521,6721069,0,1,0,Present,"['AcrIE4-IF7', 'AcrIE2', 'AcrIE3']",CRISPR-,1,0,16,6,16,3,17,12,17,0,4,0,14,3,0,38,1,6,16,169
JIP537,6642328,0,0,0,Not Present,,CRISPR-,2,0,16,0,16,6,20,9,18,0,5,1,19,6,0,39,1,6,15,177
JIP538,6898466,0,0,0,Not Present,"['AcrIE2', 'AcrIF3']",CRISPR-,2,0,18,0,18,6,20,10,18,0,5,1,19,5,0,43,0,6,15,184
JIP540,6276153,0,1,0,Present,,CRISPR+,2,0,13,6,16,3,18,5,16,0,3,0,7,1,0,36,0,2,11,137
JIP543,7027946,0,0,0,Not Present,"['AcrIE2', 'AcrIF3', 'AcrIE2', 'AcrIF3']",CRISPR-,2,0,18,0,18,6,20,10,18,0,5,1,19,5,0,43,0,6,15,184
JIP547,6989592,0,0,0,Not Present,"['AcrIF3', 'AcrIE2']",CRISPR-,2,0,18,0,18,6,20,9,18,0,5,1,19,5,0,43,0,6,15,183
JIP549,6430112,0,1,0,Present,,CRISPR+,1,0,18,0,17,5,17,7,16,0,4,0,12,2,0,40,0,2,12,152
JIP550,6771153,0,0,0,Not Present,,CRISPR-,2,0,17,0,17,6,20,9,18,0,5,1,18,6,0,43,0,6,15,181
JIP574,7030677,0,0,0,Not Present,"['AcrIF3', 'AcrIE2', 'AcrIF3', 'AcrIE2']",CRISPR-,2,0,18,0,18,6,20,10,18,0,5,1,19,5,0,43,0,6,15,184
JIP575,6897712,0,0,0,Not Present,"['AcrIF3', 'AcrIE2']",CRISPR-,2,0,18,0,18,6,20,10,18,0,5,1,19,5,0,43,0,6,15,184
JIP576,6575238,0,0,0,Not Present,,CRISPR-,1,0,15,0,19,4,17,8,16,0,3,0,15,5,0,38,0,6,14,160
JIP581,6913032,0,0,0,Not Present,"['AcrIF3', 'AcrIE2']",CRISPR-,2,0,17,0,17,6,20,10,18,0,5,1,19,5,0,42,0,6,15,181
JIP586,6463593,0,0,0,Not Present,,CRISPR-,1,0,13,0,19,4,17,7,16,0,3,0,22,1,0,41,0,6,13,162
JIP595,6463758,0,0,0,Not Present,"['AcrIE1', 'AcrIF12']",CRISPR-,1,0,14,0,17,4,16,7,16,0,3,0,12,1,0,40,0,2,12,144
JIP606,6861327,0,0,0,Not Present,"['AcrIE1', 'AcrIF12']",CRISPR-,1,2,16,0,19,6,18,6,17,0,4,0,22,2,0,44,0,2,13,171
JIP637,6880082,0,0,0,Not Present,,CRISPR-,2,0,17,0,19,6,21,10,19,0,4,1,20,6,0,41,0,6,16,186
JIP645,6982165,0,0,0,Not Present,,CRISPR-,2,1,17,0,20,6,18,9,18,0,3,0,23,5,0,44,0,2,17,183
JIP649,6285636,0,0,0,Not Present,,CRISPR-,1,0,15,6,16,4,17,5,16,0,3,0,11,1,0,36,0,2,11,143
JIP655,6432329,0,0,0,Not Present,,CRISPR-,1,0,14,0,17,4,17,6,16,0,3,0,15,1,0,36,0,2,11,142
JIP658,6550708,1,0,0,Present,,CRISPR+,1,1,15,5,18,5,18,6,17,0,5,0,14,2,0,41,0,2,13,162
JIP661,6863465,0,0,0,Not Present,"['AcrIE1', 'AcrIF12']",CRISPR-,1,0,17,0,18,6,19,7,18,0,4,0,17,3,0,45,1,8,16,179
JIP666,6767607,1,0,0,Present,"['AcrIE1', 'AcrIF12']",CRISPR-,2,1,16,5,19,6,17,6,17,0,4,0,20,2,0,42,0,2,13,170
JIP668,6436770,0,0,0,Not Present,"['AcrIE4-IF7', 'AcrIF11']",CRISPR-,1,0,14,0,15,5,16,6,16,0,3,0,14,1,0,37,0,6,11,144
JIP680,6898972,0,0,0,Not Present,,CRISPR-,2,0,17,0,17,6,20,9,18,0,5,1,19,6,0,42,1,6,15,182
JIP685,7026471,0,0,0,Not Present,"['AcrIE2', 'AcrIF3', 'AcrIE2', 'AcrIF3']",CRISPR-,2,0,18,0,18,6,20,10,18,0,5,1,19,5,0,43,0,6,15,184
JIP686,7018568,0,0,0,Not Present,"['AcrIF3', 'AcrIE2']",CRISPR-,2,0,18,0,18,6,20,10,18,0,5,1,19,5,0,43,0,6,15,184
JIP688,7087208,0,0,0,Not Present,,CRISPR-,2,0,18,0,18,7,20,10,18,0,5,1,23,6,0,46,1,6,16,195
JIP689,6388652,0,1,0,Present,,CRISPR+,1,0,14,6,15,3,16,5,16,0,3,0,11,1,0,39,0,2,12,143
JIP693,6911647,0,1,0,Present,"['AcrIE1', 'AcrIF12']",CRISPR-,2,0,19,6,19,5,18,7,17,0,6,0,24,5,0,43,0,4,19,192
JIP697,6299028,0,1,0,Present,,CRISPR+,1,0,13,6,15,3,16,6,16,0,3,0,10,2,0,36,0,2,11,139
JIP699,6888517,0,0,0,Not Present,"['AcrIF3', 'AcrIE2']",CRISPR-,2,0,18,0,18,6,20,10,18,0,5,1,19,6,0,43,0,6,16,186
JIP706,6865547,0,0,0,Not Present,,CRISPR-,2,0,17,0,17,6,20,9,18,0,5,1,19,6,0,42,1,6,15,182
JIP710,6835762,0,0,0,Not Present,,CRISPR-,2,0,16,0,17,5,20,11,18,0,4,1,18,6,0,43,0,6,15,180
JIP711,7010775,0,0,0,Not Present,"['AcrIF3', 'AcrIE2', 'AcrIF3', 'AcrIE2']",CRISPR-,2,0,16,0,18,6,20,10,18,0,5,1,19,5,0,43,0,6,15,182
JIP718,6887587,0,0,0,Not Present,"['AcrIE2', 'AcrIF3']",CRISPR-,2,0,18,0,18,6,20,9,18,0,5,1,19,6,0,43,0,6,16,185
JIP724,6904027,0,0,0,Not Present,,CRISPR-,2,0,17,0,17,6,20,9,18,0,5,1,19,6,0,42,1,6,15,182
JIP727,5989496,0,0,0,Not Present,,CRISPR-,1,0,13,0,16,3,17,6,18,0,3,0,8,2,0,34,1,2,12,135
JIP740,6999035,0,0,0,Not Present,,CRISPR-,2,0,17,0,17,6,20,9,18,0,5,1,20,6,0,42,1,6,15,183
JIP745,7185480,0,1,0,Present,,CRISPR+,2,0,20,6,19,6,18,10,17,0,4,0,25,5,2,47,0,6,18,203
JIP752,6197015,1,0,0,Present,,CRISPR+,1,0,13,5,15,3,17,5,17,0,3,0,9,2,0,36,0,2,12,139
JIP761,6306048,0,1,0,Present,,CRISPR+,1,0,14,6,15,3,16,5,16,0,3,0,9,2,0,38,0,2,11,140
JIP774,6985413,0,0,0,Not Present,"['AcrIE2', 'AcrIF3']",CRISPR-,2,0,18,0,18,6,20,10,18,0,5,1,19,5,0,43,0,6,15,184
JIP779,7052412,0,0,0,Not Present,"['AcrIE1', 'AcrIE4-IF7', 'AcrIF12']",CRISPR-,1,1,18,0,20,7,17,7,17,0,4,0,25,4,0,48,1,6,19,194
JIP824,6719955,0,0,0,Not Present,"['AcrIF3', 'AcrIE2']",CRISPR-,2,1,19,0,20,7,22,8,19,0,4,0,16,4,0,43,1,3,12,179
JIP832,6997155,0,0,0,Not Present,,CRISPR-,2,0,18,0,18,7,20,10,18,0,5,1,22,7,0,46,0,6,17,195
JIP841,6468080,0,0,0,Not Present,['AcrIE4-IF7'],CRISPR-,1,0,13,0,17,5,17,6,16,0,3,0,12,1,0,42,0,3,12,147
JIP860,7580034,1,0,0,Present,"['AcrIF3', 'AcrIE1', 'AcrIF3', 'AcrIF12']",CRISPR-,1,1,19,5,19,7,18,11,17,0,4,0,26,4,0,47,2,6,16,202
JIP866,7245139,0,0,0,Not Present,,CRISPR-,1,1,16,0,19,6,18,8,17,0,5,0,18,3,1,44,0,2,14,172
JIP868,7029392,0,0,0,Not Present,"['AcrIF3', 'AcrIE2', 'AcrIF3', 'AcrIE2']",CRISPR-,2,0,16,0,18,6,20,10,18,0,5,1,19,5,0,43,0,6,15,182
Jp1140,6864676,0,0,0,Not Present,"['AcrIE1', 'AcrIF12']",CRISPR-,2,1,15,0,19,5,17,9,16,0,3,0,18,2,0,43,2,2,12,164
Jp1155,6821786,0,0,0,Not Present,"['AcrIE1', 'AcrIF12']",CRISPR-,2,1,15,0,19,5,17,9,16,0,3,0,18,2,0,43,2,2,12,164
Jp1170,6911936,0,0,0,Not Present,"['AcrIE1', 'AcrIF12']",CRISPR-,2,1,16,0,19,6,17,10,16,0,3,0,18,3,0,45,2,2,12,170
Jp1200,6969777,0,0,0,Not Present,"['AcrIE1', 'AcrIF12']",CRISPR-,2,1,16,0,21,6,18,10,17,0,3,0,20,2,0,43,2,2,13,174
Jp1206,6829359,0,0,0,Not Present,"['AcrIE1', 'AcrIF12']",CRISPR-,2,1,15,0,19,5,17,9,16,0,3,0,17,2,0,43,2,2,12,163
Jp222,6948100,0,0,0,Not Present,,CRISPR-,2,0,18,0,19,6,17,7,16,0,4,0,13,5,0,44,0,2,19,170
Jp224,7037394,0,0,0,Not Present,"['AcrIE1', 'AcrIF12']",CRISPR-,2,1,16,0,21,6,18,10,17,0,3,0,22,2,0,43,2,2,13,176
Jp241,6811709,1,0,0,Present,"['AcrIE1', 'AcrIE4-IF7', 'AcrIF2', 'AcrIF12']",CRISPR-,1,2,15,5,18,6,18,8,17,0,5,0,13,4,0,42,0,2,16,171
Jp245,6973056,0,0,0,Not Present,"['AcrIE1', 'AcrIF12']",CRISPR-,1,0,17,0,16,7,17,8,17,0,4,0,17,4,0,46,1,2,16,172
Jp97,6646033,0,1,1,Present,,CRISPR+,2,1,17,12,21,6,20,6,16,0,3,0,15,2,0,43,0,6,12,180
LiA131_2005,6863144,1,0,0,Present,,CRISPR+,2,1,15,5,22,5,25,5,19,0,4,0,19,5,0,46,0,3,14,188
LiA145_2005,6449544,0,1,0,Present,,CRISPR+,1,1,15,6,16,4,17,8,16,0,3,0,8,1,0,38,0,2,12,147
LiA18_2003,6785462,1,0,0,Present,,CRISPR+,1,0,14,5,17,5,17,8,17,0,4,0,12,4,0,44,0,2,15,164
LiA50_2005,6922053,0,0,0,Not Present,,CRISPR-,1,0,16,0,19,5,19,12,18,0,3,0,18,6,0,41,2,2,18,179
LiA96_2004,6619114,1,0,0,Present,,CRISPR+,2,1,15,5,19,4,19,6,17,0,5,0,19,4,0,43,0,2,13,172
Mi151,6572690,0,0,0,Not Present,,CRISPR-,2,0,14,0,18,5,17,7,17,0,4,0,8,1,0,43,0,4,11,149
Mi159,6425148,0,0,0,Not Present,"['AcrIF3', 'AcrIE1', 'AcrIE1', 'AcrIF12']",CRISPR-,1,0,14,1,16,4,16,6,16,0,3,0,9,2,0,40,0,2,13,142
NSWPA15a,6277955,0,1,0,Present,,CRISPR+,1,0,14,6,15,3,16,5,16,0,3,0,8,1,0,35,0,2,12,136
PaLo10,6411520,0,0,1,Present,,CRISPR+,1,0,14,6,17,5,17,6,17,0,3,0,10,1,0,41,0,2,12,151
PaLo111,6270761,0,1,0,Present,,CRISPR+,4,0,13,6,15,3,16,6,16,0,3,0,8,1,0,37,0,2,11,137
PaLo11,6607085,0,0,0,Not Present,,CRISPR-,1,1,15,0,17,5,17,7,17,0,5,0,13,2,1,39,0,2,12,153
PaLo12,6543532,0,0,0,Not Present,,CRISPR-,1,1,15,0,17,5,17,7,17,0,5,0,13,2,1,39,0,2,12,153
PaLo13,6657558,0,0,0,Not Present,['AcrIF6'],CRISPR-,1,0,18,0,18,3,17,7,17,0,4,0,21,1,0,39,0,10,13,168
PaLo14,6806035,0,1,0,Present,,CRISPR+,1,1,17,6,18,6,19,9,17,0,5,1,17,3,0,47,3,4,14,187
PaLo152,6479532,0,1,0,Present,,CRISPR+,4,0,17,6,16,5,16,6,16,0,3,0,16,2,0,40,0,2,14,159
PaLo15,6264459,0,1,0,Present,,CRISPR+,5,0,14,6,15,3,16,10,16,0,4,0,12,3,0,35,0,6,14,154
PaLo166,6477499,0,0,0,Not Present,,CRISPR-,1,0,14,0,18,4,17,5,17,0,3,0,17,1,0,41,0,2,13,152
PaLo16,6416785,0,1,0,Present,,CRISPR+,1,0,14,6,15,4,14,7,14,0,3,0,11,2,0,42,1,2,13,148
PaLo170,6430262,0,1,0,Present,,CRISPR+,1,0,15,6,17,4,16,8,16,0,3,0,14,1,0,41,0,2,13,156
PaLo17,6225005,0,1,0,Present,,CRISPR+,1,0,15,6,15,3,16,5,16,0,3,0,11,1,0,37,0,2,10,140
PaLo185,6954398,1,1,0,Present,['AcrIF6'],CRISPR-,1,0,16,11,19,7,18,6,18,0,4,0,13,2,0,46,1,3,14,178
PaLo18,6945389,0,0,0,Not Present,,CRISPR-,2,1,16,0,21,5,18,7,18,0,3,0,22,2,0,47,1,3,15,179
PaLo191,6436074,1,1,0,Present,,CRISPR+,1,0,14,10,16,5,16,5,16,0,3,0,7,1,0,42,0,3,12,150
PaLo19,7047059,0,1,0,Present,"['AcrIE1', 'AcrIF12']",CRISPR-,1,3,22,6,22,7,26,7,19,0,3,0,21,7,0,48,2,2,19,214
PaLo1,6602796,1,0,0,Present,,CRISPR+,2,0,15,5,16,4,17,7,17,0,4,0,13,2,0,44,0,2,11,157
PaLo20,6331768,0,0,0,Not Present,,CRISPR-,1,0,13,0,15,3,15,7,15,0,3,0,8,2,0,38,0,2,11,132
PaLo21,6371720,0,0,0,Not Present,,CRISPR-,1,0,14,0,17,3,18,5,18,0,3,0,11,1,1,40,0,2,11,144
PaLo226,6248837,0,0,0,Not Present,,CRISPR-,1,0,13,0,17,3,17,5,16,0,3,0,9,1,0,36,0,2,11,133
PaLo227,6239332,0,0,0,Not Present,,CRISPR-,1,0,13,0,17,3,17,5,16,0,3,0,9,1,0,36,0,2,11,133
PaLo228,6239888,0,0,0,Not Present,,CRISPR-,1,0,13,0,17,3,17,5,16,0,3,0,9,1,0,36,0,2,11,133
PaLo229,6394347,0,0,0,Not Present,"['AcrIF2', 'AcrIF5', 'AcrIF3', 'AcrIF7']",CRISPR-,1,0,13,0,17,3,17,5,16,0,3,0,9,1,0,36,0,2,11,133
PaLo22,6244176,0,1,0,Present,,CRISPR+,1,0,13,6,15,3,16,5,16,0,3,0,10,2,0,35,1,2,12,139
PaLo23,7241831,0,0,0,Not Present,['AcrIF1'],CRISPR-,1,1,22,0,20,7,17,9,17,0,6,0,19,4,0,45,1,6,16,190
PaLo240,6854434,0,1,0,Present,,CRISPR+,1,1,18,6,18,7,19,9,17,0,4,1,18,2,0,49,3,4,14,190
PaLo249,6242100,0,0,0,Not Present,,CRISPR-,1,0,13,0,18,3,17,5,16,0,3,0,9,1,0,36,0,2,11,134
PaLo24,6569106,0,0,0,Not Present,,CRISPR-,1,1,17,0,16,6,17,7,17,0,4,0,12,2,0,41,0,2,14,156
PaLo25,6233542,0,1,0,Present,,CRISPR+,5,0,14,6,16,3,17,7,16,0,3,0,11,3,0,35,0,2,14,147
PaLo26,6480085,0,1,0,Present,,CRISPR+,1,0,13,6,17,6,16,8,16,0,3,0,8,1,0,43,0,2,12,151
PaLo270,6351272,0,1,0,Present,['AcrIF3'],CRISPR-,1,0,13,6,15,3,16,6,16,0,3,0,13,2,0,38,0,2,11,144
PaLo27,6875633,0,0,0,Not Present,,CRISPR-,1,0,16,0,18,4,19,12,19,0,3,0,17,9,0,42,2,2,20,183
PaLo287,6193091,1,0,0,Present,"['AcrIE4', 'AcrIF3', 'AcrIF5']",CRISPR-,1,0,13,5,16,4,17,6,16,0,5,0,13,1,0,35,0,2,12,145
PaLo288,6148092,1,0,0,Present,"['AcrIF5', 'AcrIF3', 'AcrIE4']",CRISPR-,1,0,13,5,16,4,17,6,16,0,5,0,14,1,0,35,0,2,12,146
PaLo28,6791418,0,0,0,Not Present,"['AcrIE1', 'AcrIF12']",CRISPR-,2,1,18,0,18,6,17,8,17,0,4,0,14,4,0,43,1,2,15,168
PaLo297,6382094,0,1,0,Present,,CRISPR+,1,0,16,6,15,3,16,5,16,0,3,0,8,1,0,38,1,2,11,141
PaLo29,6580619,0,0,0,Not Present,,CRISPR-,1,0,17,0,17,6,17,6,16,0,4,0,14,3,1,38,0,6,13,158
PaLo2,6188240,0,1,0,Present,,CRISPR+,1,0,15,6,15,3,16,5,16,0,3,0,11,1,0,37,0,2,10,140
PaLo30,6257764,0,1,0,Present,,CRISPR+,1,0,15,6,16,3,17,6,16,0,3,0,12,1,0,38,0,2,10,145
PaLo310,6267569,0,1,0,Present,,CRISPR+,1,0,13,6,16,3,16,6,16,0,3,0,9,2,0,37,0,2,11,140
PaLo31,6874422,1,0,0,Present,"['AcrIE1', 'AcrIF3', 'AcrIF12']",CRISPR-,1,1,16,5,18,6,17,10,17,0,4,0,19,3,0,43,2,6,15,182
PaLo323,6488777,0,1,0,Present,"['AcrIE4', 'AcrIF3', 'AcrIF5']",CRISPR-,1,0,13,6,17,4,18,7,17,0,3,0,13,2,0,37,0,2,12,151
PaLo326,6314285,0,1,0,Present,,CRISPR+,5,0,19,6,17,3,16,5,16,0,3,0,10,2,0,36,1,2,12,148
PaLo32,6788061,0,1,0,Present,,CRISPR+,1,1,17,6,18,6,19,9,17,0,4,1,17,3,0,47,3,4,14,186
PaLo33,6781821,0,1,0,Present,,CRISPR+,1,1,17,6,18,6,19,9,17,0,4,1,18,3,0,47,2,4,14,186
PaLo34,6239235,0,1,0,Present,,CRISPR+,1,0,15,6,16,3,17,6,16,0,3,0,12,1,0,38,0,2,10,145
PaLo35,6679870,0,1,0,Present,"['AcrIE1', 'AcrIE3', 'AcrIF4', 'AcrIF12']",CRISPR-,1,1,14,6,18,5,18,6,18,0,3,0,23,1,0,40,1,2,11,167
PaLo36,6252325,0,1,0,Present,['AcrIF6'],CRISPR-,1,0,14,6,16,3,18,6,17,0,4,0,14,1,0,37,0,2,12,150
PaLo375,7427177,0,0,0,Not Present,"['AcrIF4', 'AcrIE3']",CRISPR-,1,1,22,0,22,7,17,8,17,0,6,0,26,5,0,48,1,6,22,208
PaLo38,6241177,0,1,0,Present,,CRISPR+,1,0,15,6,16,3,17,6,16,0,3,0,12,1,0,38,0,2,10,145
PaLo39,6337322,0,1,0,Present,,CRISPR+,1,0,13,6,15,3,16,6,16,0,4,0,6,2,2,35,0,6,12,142
PaLo3,7035193,0,0,0,Not Present,,CRISPR-,1,1,18,0,17,5,17,12,17,0,5,0,19,8,1,44,0,4,17,185
PaLo402,6307894,1,1,0,Present,,CRISPR+,2,0,13,11,16,3,16,8,16,0,3,0,7,4,0,38,0,2,13,150
PaLo40,6369424,0,1,0,Present,,CRISPR+,1,0,14,6,17,4,18,6,17,0,3,0,12,2,0,38,0,2,12,151
PaLo418,6270458,0,1,0,Present,,CRISPR+,4,0,13,6,15,3,16,6,16,0,3,0,8,1,0,37,0,2,11,137
PaLo419,6134739,0,1,0,Present,,CRISPR+,4,0,13,6,15,3,16,6,16,0,3,0,8,1,0,34,0,2,11,134
PaLo41,6876212,0,1,0,Present,,CRISPR+,1,1,19,6,17,7,19,9,18,0,4,1,18,3,0,46,3,4,16,191
PaLo422,6473975,0,1,0,Present,,CRISPR+,4,0,13,6,18,4,17,5,16,0,3,0,15,1,0,42,1,2,11,154
PaLo42,6291463,1,1,0,Present,,CRISPR+,1,0,13,11,15,3,16,5,16,0,3,0,6,2,0,38,1,2,12,143
PaLo43,6280552,1,1,0,Present,,CRISPR+,1,0,13,11,15,3,16,5,16,0,3,0,6,2,0,38,1,2,12,143
PaLo44,6353651,0,1,0,Present,,CRISPR+,1,0,13,6,15,3,16,6,16,0,4,0,6,2,2,35,0,6,12,142
PaLo46,6898820,0,1,0,Present,,CRISPR+,1,1,19,6,17,7,19,9,18,0,4,1,18,3,0,46,3,4,16,191
PaLo47,6293564,0,1,0,Present,,CRISPR+,1,0,14,6,16,4,16,6,16,0,3,0,8,2,0,38,0,2,12,143
PaLo4,6943054,0,0,0,Not Present,,CRISPR-,1,1,18,0,17,5,17,10,17,0,5,0,18,8,1,44,0,4,17,182
PaLo5,6605063,0,0,0,Not Present,"['AcrIE1', 'AcrIE3', 'AcrIF4', 'AcrIF12']",CRISPR-,1,1,15,0,17,6,16,7,16,0,3,0,13,1,0,42,0,2,12,151
PaLo6,6814281,0,0,0,Not Present,,CRISPR-,2,1,21,0,22,7,22,10,19,0,4,0,17,2,0,48,1,4,12,190
PaLo7,6922883,1,0,0,Present,"['AcrIE1', 'AcrIF3', 'AcrIF12']",CRISPR-,1,1,16,5,18,6,17,11,17,0,3,0,21,4,0,44,2,6,15,186
PaLo8,6991127,0,0,0,Not Present,"['AcrIE1', 'AcrIF4', 'AcrIE3', 'AcrIF12']",CRISPR-,1,1,17,0,19,6,18,7,17,0,4,0,15,7,1,46,1,2,18,179
PaLo9,6990495,0,0,0,Not Present,"['AcrIE1', 'AcrIF4', 'AcrIE3', 'AcrIF12']",CRISPR-,1,1,17,0,19,6,18,7,17,0,4,0,15,6,1,46,1,2,17,177
PAO23,6769886,0,0,0,Not Present,,CRISPR-,2,1,16,0,17,5,16,8,16,0,3,0,16,2,0,44,1,2,13,160
PhDW6,6769454,0,1,0,Present,,CRISPR+,1,0,17,6,16,4,16,6,16,0,3,0,12,1,0,38,0,2,12,149
Ro124,6681036,0,0,0,Not Present,,CRISPR-,2,0,14,0,18,4,17,8,16,0,3,0,12,5,0,43,2,2,14,158
So092,6814115,0,0,0,Not Present,,CRISPR-,2,0,16,0,19,6,22,8,19,0,4,0,16,3,0,45,1,3,11,173
TuD47,6363844,1,1,0,Present,,CRISPR+,2,0,13,11,15,3,16,6,16,0,3,0,9,2,1,35,0,2,12,144
Us448,6264046,0,0,0,Not Present,,CRISPR-,1,0,13,0,15,3,16,5,16,0,3,0,10,1,0,38,0,2,11,133
Us450,7369685,1,0,0,Present,"['AcrIE1', 'AcrIE1', 'AcrIF6', 'AcrIF12']",CRISPR-,2,0,17,6,15,5,15,7,14,0,3,0,10,3,0,37,0,2,15,149
W15Aug23,6516505,0,0,0,Not Present,"['AcrIF5', 'AcrIF3', 'AcrIE4']",CRISPR-,1,1,15,0,16,4,17,7,17,0,3,0,18,2,0,40,0,2,14,156
W15Okt31,6688722,0,0,0,Not Present,,CRISPR-,1,1,17,0,16,6,17,7,17,0,4,0,12,2,0,44,0,2,14,159
1_GCF_900497025,7231910,0,0,0,Not Present,,CRISPR-,1,2,21,0,20,6,17,6,17,0,6,0,66,6,0,46,1,6,20,240
12-4-4(59)_GCF_001482325,6431910,0,0,0,Not Present,,CRISPR-,1,0,13,0,15,3,16,7,16,0,3,0,10,2,0,39,0,2,12,138
12939_GCF_002753655,6621380,0,1,0,Present,,CRISPR+,2,0,17,6,16,5,16,6,16,0,3,0,12,3,2,47,0,2,14,165
1334-14_GCF_004193735,6902140,0,0,0,Not Present,,CRISPR-,1,0,18,0,21,6,18,7,16,0,3,0,19,4,0,40,1,2,13,168
152962_GCF_016811975,6950170,1,1,0,Present,,CRISPR+,1,2,17,11,18,6,18,7,18,0,4,0,27,4,0,45,2,7,13,199
1811-13R031_GCF_009676765,7344080,1,0,0,Present,"['AcrIE1', 'AcrIF3', 'AcrIF12']",CRISPR-,1,2,18,5,19,7,18,8,17,0,4,0,23,5,0,48,0,2,18,194
1811-18R001_GCF_009676785,7343000,1,0,0,Present,"['AcrIE1', 'AcrIF3', 'AcrIF12']",CRISPR-,1,2,18,5,19,7,18,8,17,0,4,0,23,5,0,48,0,2,18,194
1903031130_GCF_016745195,6905510,0,0,0,Not Present,,CRISPR-,2,0,18,0,17,6,20,9,18,0,5,1,20,6,0,45,0,2,16,183
243931_GCF_007559125,6514210,0,0,0,Not Present,,CRISPR-,2,0,14,0,16,4,19,8,17,0,4,0,24,4,0,42,0,2,12,166
24Pae112_GCF_003433235,7097240,0,0,0,Not Present,"['AcrIE2', 'AcrIF3']",CRISPR-,2,1,22,0,19,7,19,10,17,0,6,0,18,6,0,47,0,3,15,190
268_GCF_003641125,7030470,0,0,0,Not Present,,CRISPR-,2,1,15,0,19,7,21,8,18,0,4,0,25,7,0,44,1,7,12,189
401853_GCF_014155905,7092670,0,1,0,Present,,CRISPR+,4,0,19,6,18,7,17,13,16,0,4,0,24,4,0,44,1,4,16,193
519119_GCF_007559105,6714250,0,1,0,Present,,CRISPR+,1,0,17,6,18,3,19,9,17,0,3,0,18,1,0,41,1,6,16,175
60503_GCF_007559065,6809060,1,0,0,Present,['AcrIE2'],CRISPR-,2,1,19,5,19,5,17,7,16,0,3,0,15,2,0,49,1,2,14,175
8380_GCF_001548135,6613260,0,0,0,Not Present,['AcrIF1'],CRISPR-,1,0,15,0,18,5,18,7,17,0,4,0,15,1,0,46,0,2,12,160
97_GCF_002411865,6925890,0,0,0,Not Present,,CRISPR-,1,3,18,0,20,5,17,8,16,0,3,1,25,5,0,43,2,6,16,188
A-I-1_GCF_015697665,7087090,0,0,0,Not Present,"['AcrIE4', 'AcrIF3', 'AcrIF5']",CRISPR-,1,0,18,0,20,6,18,6,18,0,4,1,23,5,0,47,1,6,19,192
A39-1_GCF_016743035,6374120,0,0,0,Not Present,,CRISPR-,3,0,16,0,16,5,16,7,16,0,4,0,15,1,0,38,0,2,11,147
A681_GCF_007559085,6616250,0,1,0,Present,['AcrIF3'],CRISPR-,1,0,17,6,17,4,17,7,17,0,3,0,10,2,0,41,0,2,13,156
AA2_GCF_012935295,6288190,0,0,0,Not Present,,CRISPR-,1,0,16,0,15,3,16,5,16,0,3,0,10,1,0,40,0,6,12,143
ACR20_GCF_013467585,6490020,1,0,0,Present,,CRISPR+,1,0,14,5,16,4,16,7,16,0,3,0,9,1,1,42,3,2,11,150
ACR22_GCF_013467605,6490020,1,0,0,Present,,CRISPR+,1,0,14,5,16,4,16,7,16,0,3,0,9,1,1,42,3,2,11,150
AES1M_GCF_004355125,6373140,1,0,0,Present,,CRISPR+,1,0,13,5,15,4,16,5,16,0,3,0,10,2,0,41,1,2,11,144
AES1R_GCF_004355145,6373890,1,0,0,Present,,CRISPR+,1,0,13,5,15,4,16,5,16,0,3,0,10,2,0,41,1,2,11,144
AG1_GCF_009662315,7190210,0,0,0,Not Present,"['AcrIE3', 'AcrIF4']",CRISPR-,1,1,19,0,21,5,17,6,17,0,6,0,31,5,0,44,1,6,19,198
AR_0095_GCF_002997005,6822670,1,0,0,Present,,CRISPR+,2,0,14,5,21,4,24,5,19,0,5,0,14,3,0,48,1,2,12,177
AR_0110_GCF_003204335,6799780,0,1,0,Present,['AcrIE3'],CRISPR+,1,1,20,6,21,6,23,7,20,0,3,0,25,4,0,44,0,6,18,204
AR_0111_GCF_003571805,7075650,0,1,0,Present,,CRISPR+,1,1,20,6,22,6,23,9,20,0,3,0,25,4,0,44,0,6,19,208
AR_0230_GCF_002968695,7086050,0,1,0,Present,,CRISPR+,1,2,21,6,22,7,23,9,20,0,3,0,25,3,0,52,0,6,18,217
AR_0353_GCF_002968655,7282240,0,0,0,Not Present,,CRISPR-,2,1,16,0,25,6,23,7,21,0,3,0,32,4,0,49,0,6,15,208
AR_0354_GCF_002968585,6747010,0,0,0,Not Present,"['AcrIE1', 'AcrIF12']",CRISPR-,2,0,18,0,19,6,21,8,18,0,4,0,16,5,0,49,1,3,14,182
AR_0356_GCF_002968755,7247870,0,0,0,Not Present,,CRISPR-,3,1,16,2,16,4,17,10,17,0,3,0,26,1,1,41,0,6,12,173
AR_0357_GCF_002968955,7162780,0,0,0,Not Present,"['AcrIF5', 'AcrIF3']",CRISPR-,2,0,22,0,20,8,22,10,19,0,4,0,18,10,0,52,2,3,20,210
AR_0360_GCF_002968515,6463570,0,1,0,Present,,CRISPR+,1,0,16,6,17,4,16,6,17,0,3,0,7,3,0,45,0,2,13,155
AR_0446_GCF_003193645,6475580,0,1,0,Present,,CRISPR+,4,0,14,6,16,3,16,5,16,0,3,0,9,1,0,40,0,2,11,142
AR_455_GCF_003288355,6541000,0,0,0,Not Present,['AcrIF3'],CRISPR-,2,0,16,0,16,5,16,8,16,0,5,0,20,4,0,42,1,2,16,167
AR_458_GCF_003288435,6685100,0,0,0,Not Present,,CRISPR-,1,1,15,2,17,5,17,7,16,0,4,0,16,2,0,40,0,3,11,156
AR_460_GCF_003288335,6303870,0,1,0,Present,,CRISPR+,1,0,14,6,14,3,16,8,16,0,3,0,8,3,0,38,0,2,13,144
AR439_GCF_003073895,7578040,0,0,0,Not Present,,CRISPR-,1,1,17,0,20,7,21,8,20,0,4,0,38,4,0,45,0,4,16,205
AR441_GCF_003073695,7245770,0,0,0,Not Present,,CRISPR-,3,1,16,2,16,4,17,10,17,0,3,0,26,1,1,41,0,6,12,173
AR442_GCF_003073795,7267570,1,0,0,Present,"['AcrIE1', 'AcrIF3', 'AcrIF12']",CRISPR-,1,2,17,5,20,7,21,10,18,0,3,0,28,3,0,47,0,2,15,198
AR444_GCF_003073615,6853500,0,1,0,Present,['AcrIF1'],CRISPR-,1,2,19,6,19,5,21,8,19,0,3,0,30,3,0,45,0,6,17,203
AR445_GCF_003073735,7125980,0,0,0,Not Present,['AcrIE4-IF7'],CRISPR-,1,1,20,0,19,6,17,6,17,0,6,0,26,5,0,46,1,6,17,193
ATCC_15692_GCF_001729505,6276430,0,0,0,Not Present,,CRISPR-,1,0,14,0,16,3,16,9,16,0,3,0,10,3,0,40,0,2,12,144
ATCC_27853_GCF_001618925,6827740,0,0,0,Not Present,"['AcrIE1', 'AcrIF12']",CRISPR-,1,1,18,0,17,7,17,7,17,0,4,0,21,3,0,44,1,2,15,174
ATCC_27853_GCF_001687285,6833190,0,0,0,Not Present,"['AcrIE1', 'AcrIF12']",CRISPR-,1,1,18,0,17,7,17,7,17,0,4,0,21,3,0,44,1,2,15,174
AZPAE15042_GCF_006971785,6712470,0,1,0,Present,,CRISPR+,3,1,17,6,19,7,18,8,18,0,5,0,19,5,0,42,0,6,18,189
B-I-1_GCF_015697645,6935850,0,0,0,Not Present,,CRISPR-,2,0,18,0,19,8,22,8,19,0,5,0,16,7,0,48,1,3,14,188
B10W_GCF_001874465,6723380,0,0,0,Not Present,['AcrIF11'],CRISPR-,2,1,14,0,20,5,18,6,18,0,3,0,18,1,0,47,1,2,14,168
B136-33_GCF_000359505,6421010,0,0,0,Not Present,,CRISPR-,2,0,14,0,18,4,17,5,16,0,3,0,10,1,0,45,0,2,12,147
B14130_GCF_003952305,6759590,0,1,0,Present,,CRISPR+,2,1,19,6,16,4,15,6,14,0,5,0,28,5,1,45,0,3,19,187
B17416_GCF_016925455,6850180,0,1,0,Present,,CRISPR+,2,1,21,6,19,4,18,7,17,0,5,0,29,5,1,46,0,3,19,201
B17932_GCF_003952325,6744660,0,1,0,Present,,CRISPR+,1,1,18,6,19,3,18,6,17,0,5,0,24,5,0,41,0,3,19,185
B17932_GCF_016925475,6850200,0,1,0,Present,,CRISPR+,2,1,21,6,19,4,18,7,17,0,5,0,29,5,1,46,0,3,19,201
B18_GCF_013395035,6490010,1,0,0,Present,,CRISPR+,1,0,14,5,16,4,16,7,16,0,3,0,9,1,1,42,3,2,11,150
B41226_GCF_003950235,6814300,0,1,0,Present,,CRISPR+,2,1,16,6,16,3,15,6,14,0,4,0,27,5,0,45,0,2,18,178
BA15561_GCF_003713085,6793960,0,1,0,Present,,CRISPR+,2,1,19,6,18,3,16,5,15,0,4,0,28,5,1,45,0,2,19,187
BA7823_GCF_003626935,6876110,0,1,0,Present,,CRISPR+,2,0,17,5,17,4,17,6,16,0,5,0,27,3,0,48,0,5,16,186
BAMCPA07-48_GCF_001632245,7021550,0,0,0,Not Present,['AcrIE4-IF7'],CRISPR-,2,0,19,0,20,7,17,7,16,0,4,0,27,4,0,49,0,2,19,191
C-I-1_GCF_015697605,6325390,1,0,0,Present,,CRISPR+,1,1,13,5,15,3,16,5,16,0,4,0,6,1,0,38,0,2,11,136
C7-25_GCF_902703215,6479880,0,0,0,Not Present,,CRISPR-,1,1,14,0,16,4,17,6,16,0,4,0,17,2,0,38,0,2,11,148
C79_GCF_007833895,6796330,0,0,0,Not Present,,CRISPR-,2,1,19,0,18,6,17,10,16,0,3,0,52,2,1,46,1,2,13,207
Carb01_63_GCF_000981825,7497590,0,0,0,Not Present,"['AcrIF4', 'AcrIE3', 'AcrIE4-IF7']",CRISPR-,1,1,23,0,23,7,17,8,17,0,6,0,32,5,0,46,1,6,21,213
CCBH4851_GCF_000763245,6834260,0,0,1,Present,"['AcrIE3', 'AcrIF4']",CRISPR+,1,2,17,6,19,5,19,8,17,0,3,0,24,1,0,46,0,2,14,183
CCUG_51971_GCF_008195485,7012800,0,0,1,Present,"['AcrIE2', 'AcrIF3', 'AcrIE4-IF7', 'AcrIF6']",CRISPR+,2,0,17,6,20,7,21,10,17,0,4,0,22,3,0,47,0,2,13,189
CCUG_70744_GCF_003194245,6859230,1,0,0,Present,"['AcrIE1', 'AcrIF3', 'AcrIF12']",CRISPR-,1,0,14,5,18,5,18,8,17,0,4,0,14,5,0,41,0,2,16,167
CDN118_GCF_013347245,6832390,0,1,0,Present,,CRISPR+,1,1,18,6,19,5,20,7,18,0,3,0,20,2,0,44,0,6,15,184
CDN129_GCF_013376775,6770630,0,1,0,Present,['AcrIF12'],CRISPR-,1,1,18,6,17,4,18,8,18,0,3,0,20,2,0,43,0,6,16,180
CF39S_GCF_011466835,7266550,0,0,0,Not Present,,CRISPR-,1,0,15,0,19,6,20,12,18,0,3,0,20,3,3,47,0,4,13,183
CFSAN084950_GCF_009648875,6441920,0,0,0,Not Present,,CRISPR-,1,0,14,0,16,4,17,8,17,0,3,0,13,2,0,38,1,2,11,146
CMC-097_GCF_016064595,7044060,0,0,0,Not Present,"['AcrIE1', 'AcrIF12']",CRISPR-,1,1,14,0,20,5,22,8,19,0,4,0,26,2,0,46,0,2,12,181
CMC-115_GCF_012276675,6375260,0,1,0,Present,,CRISPR+,5,0,14,6,15,4,16,7,16,0,4,0,9,2,0,36,0,2,11,142
CR1_GCF_003025345,6164860,0,1,0,Present,,CRISPR+,3,0,14,6,16,3,17,5,16,0,3,0,9,1,0,35,0,2,10,137
DHS01_GCF_000496455,7055750,1,0,0,Present,"['AcrIE1', 'AcrIF3', 'AcrIF12']",CRISPR-,1,2,17,5,19,7,20,9,18,0,3,0,24,3,0,47,0,2,15,191
DK1-substr-NH57388A_GCF_900069025,6212530,1,1,0,Present,,CRISPR+,1,0,13,11,16,3,16,5,17,0,3,0,7,2,0,38,0,2,12,145
DK2_GCF_000271365,6402660,0,1,0,Present,,CRISPR+,1,1,17,6,16,5,16,9,16,0,4,0,8,5,0,40,1,4,14,162
DL201330_GCF_016134915,6552680,0,0,0,Not Present,['AcrIF6'],CRISPR-,1,2,17,0,19,5,16,5,16,0,3,0,16,1,0,44,0,6,14,164
DN1_GCF_001722005,6959250,0,0,0,Not Present,,CRISPR-,2,1,14,0,17,4,16,9,16,0,3,0,20,2,0,41,1,2,13,159
DSM_50071_GCF_001045685,6317050,0,1,0,Present,,CRISPR+,1,0,13,6,15,3,16,5,16,0,3,0,10,1,0,40,0,2,11,141
DVT401_GCF_013343575,6557600,0,0,0,Not Present,"['AcrIE4-IF7', 'AcrIF2']",CRISPR-,1,0,14,0,16,4,16,7,16,0,3,1,12,2,1,44,0,2,12,150
DVT410_GCF_013343555,6229930,0,1,0,Present,,CRISPR+,1,0,13,6,16,3,16,5,16,0,3,0,9,2,0,38,0,2,14,143
DVT412_GCF_013343535,6394920,0,1,0,Present,,CRISPR+,1,0,13,6,16,3,16,6,16,0,3,0,11,1,0,37,0,2,11,141
DVT413_GCF_013343515,6930600,0,0,0,Not Present,,CRISPR-,2,0,16,0,18,8,17,7,17,0,4,0,16,3,0,49,1,2,14,172
DVT414_GCF_013343495,6522480,0,0,0,Not Present,['AcrIF12'],CRISPR-,1,0,14,0,16,5,16,6,16,0,3,0,8,1,0,44,1,6,12,148
DVT417_GCF_013343455,6298010,0,1,0,Present,,CRISPR+,1,0,14,6,15,3,16,6,16,0,3,0,10,2,0,40,0,2,13,146
DVT419_GCF_013343435,6052040,0,0,1,Present,,CRISPR+,1,0,15,5,17,4,16,6,17,0,3,0,9,2,0,40,0,2,13,149
DVT421_GCF_013343415,6065260,0,0,0,Not Present,,CRISPR-,1,1,14,0,15,3,16,6,16,0,3,0,9,1,0,35,0,2,10,131
DVT423_GCF_013343395,6716240,0,1,0,Present,,CRISPR+,1,0,15,6,17,5,19,9,17,0,4,1,13,3,0,47,3,4,13,176
DVT425_GCF_013343375,6506940,0,1,0,Present,,CRISPR+,1,0,15,6,18,6,17,7,17,0,3,0,12,2,0,46,0,2,12,163
DVT427_GCF_013343355,6414920,0,1,0,Present,,CRISPR+,1,0,15,6,16,4,16,6,16,0,4,0,7,2,0,45,1,2,13,153
DVT429_GCF_013343335,6805220,1,1,0,Present,"['AcrIE1', 'AcrIF12']",CRISPR-,1,1,16,11,17,7,16,6,16,0,4,0,11,6,0,45,0,2,16,174
DVT729_GCF_013343315,6546690,0,0,0,Not Present,"['AcrIE1', 'AcrIF12']",CRISPR-,1,1,15,0,17,5,15,6,15,0,5,0,8,3,0,44,0,2,14,150
DVT779_GCF_013343475,6386890,0,0,0,Not Present,,CRISPR-,1,0,13,0,15,3,16,6,16,0,3,0,8,1,0,38,1,2,10,132
E6130952_GCF_002085755,7077410,0,0,0,Not Present,,CRISPR-,2,0,17,0,18,6,22,9,19,0,4,0,20,7,0,48,1,3,16,190
E80_GCF_004291075,6819140,0,0,0,Not Present,,CRISPR-,1,0,16,0,15,4,16,5,16,0,4,0,16,2,0,44,0,6,13,157
E90_GCF_008705235,6813130,0,0,0,Not Present,"['AcrIE1', 'AcrIF12']",CRISPR-,1,1,16,0,19,6,19,8,18,0,4,0,18,3,0,44,0,2,13,171
EI-NN2_clone_C_GCF_900185255,6902970,0,1,0,Present,,CRISPR+,1,1,19,6,17,7,18,9,17,0,4,1,16,3,0,49,3,4,16,190
F22031_GCF_000816985,6603100,0,0,0,Not Present,,CRISPR-,1,0,14,0,17,3,18,8,17,0,3,0,14,1,2,39,0,2,10,148
F23197_GCF_001516245,6517340,0,1,0,Present,,CRISPR+,1,0,14,6,18,4,19,8,18,0,3,0,16,2,0,44,0,6,14,172
F30658_GCF_001516265,7273260,0,0,0,Not Present,,CRISPR-,1,3,23,0,20,9,16,10,16,0,6,0,25,1,0,49,3,6,17,204
F5677_GCF_002946935,6645230,1,0,0,Present,,CRISPR+,1,0,14,5,19,4,16,9,16,0,4,0,27,5,0,40,0,10,16,185
F63912_GCF_001594325,6618770,1,0,0,Present,['AcrIF6'],CRISPR+,1,1,14,5,19,4,19,8,18,0,3,0,11,4,0,46,0,2,12,166
F9670_GCF_001542835,6794350,0,0,0,Not Present,"['AcrIE1', 'AcrIF12']",CRISPR-,1,1,17,0,17,5,18,6,18,0,4,0,13,2,0,47,1,2,15,166
F9676_GCF_001077475,6368010,0,0,0,Not Present,,CRISPR-,1,1,13,0,15,3,16,7,16,0,3,0,10,2,0,39,0,2,12,139
FA-HZ1_GCF_001750705,6866790,0,0,0,Not Present,"['AcrIE1', 'AcrIF12']",CRISPR-,1,1,17,0,15,7,15,5,15,0,5,0,15,3,0,46,0,2,13,159
FDAARGOS_1041_GCF_016126955,6842480,0,0,0,Not Present,"['AcrIE1', 'AcrIF12']",CRISPR-,1,1,18,0,17,7,17,7,17,0,4,0,21,3,0,44,1,2,15,174
FDAARGOS_501_GCF_003812905,6865840,0,0,0,Not Present,,CRISPR-,2,1,16,0,19,5,22,8,19,0,4,0,18,5,0,47,1,3,13,181
FDAARGOS_505_GCF_003813005,7029820,0,0,0,Not Present,,CRISPR-,1,1,17,0,19,6,19,6,19,0,4,0,24,4,0,44,0,7,16,186
FDAARGOS_532_GCF_003812165,6931250,0,0,0,Not Present,,CRISPR-,1,1,17,0,18,6,21,6,20,0,4,0,77,4,0,43,0,4,17,238
FDAARGOS_570_GCF_003813025,7155140,0,1,0,Present,,CRISPR+,1,0,19,6,19,6,17,8,16,0,3,0,22,2,0,45,0,2,15,180
FDAARGOS_571_GCF_003812885,6999770,0,0,0,Not Present,"['AcrIE3', 'AcrIF4']",CRISPR-,2,0,15,0,17,5,20,8,18,0,5,0,13,4,0,47,1,2,12,167
FDAARGOS_610_GCF_006364795,6792210,1,1,0,Present,"['AcrIE1', 'AcrIF12']",CRISPR-,1,0,13,10,16,5,16,7,16,0,3,0,15,4,0,44,0,3,14,166
FDAARGOS_767_GCF_006364735,6263680,0,0,0,Not Present,,CRISPR-,1,0,14,0,16,3,16,9,16,0,3,0,10,3,0,39,0,2,12,143
FRD1_GCF_000829885,6712340,0,0,0,Not Present,"['AcrIE1', 'AcrIF12']",CRISPR-,1,1,17,0,20,5,15,6,15,0,5,0,18,4,0,45,1,6,16,174
G-I-1_GCF_015697465,6480190,0,1,0,Present,,CRISPR+,1,1,16,6,16,5,16,6,16,0,3,0,9,2,0,46,0,2,13,157
GIMC5015-PAKB6_GCF_003957825,6258490,0,0,0,Not Present,,CRISPR-,1,0,14,0,16,3,16,9,16,0,3,0,10,3,0,39,0,2,12,143
H25883_GCF_003798125,6706800,0,1,0,Present,,CRISPR+,2,1,14,6,16,3,16,7,16,0,3,0,12,4,0,40,1,2,13,154
H26023_GCF_003798145,6729220,0,1,0,Present,,CRISPR+,2,0,17,6,19,5,19,8,17,0,3,0,11,4,1,40,1,6,13,170
H26027_GCF_003798105,7079600,0,1,0,Present,"['AcrIE1', 'AcrIF12']",CRISPR-,1,1,17,6,18,7,19,10,17,0,6,1,17,4,0,52,3,4,14,196
H27930_GCF_001516325,6568230,0,1,0,Present,,CRISPR+,1,0,14,6,16,4,18,8,17,0,3,0,14,4,2,42,0,2,14,164
H47921_GCF_001516345,6836410,0,0,0,Not Present,"['AcrIE1', 'AcrIE2', 'AcrIF3', 'AcrIF12']",CRISPR-,1,0,13,0,18,5,18,9,18,0,3,0,14,7,0,43,0,4,16,168
H5708_GCF_001516305,6334380,0,0,0,Not Present,,CRISPR-,1,0,13,0,16,3,17,5,16,0,3,0,12,1,0,38,0,6,11,141
HOU1_GCF_008245185,6290440,0,1,0,Present,,CRISPR+,1,0,13,6,16,4,16,6,16,0,4,0,7,3,0,46,2,2,11,152
HS9_GCF_003319235,6876990,0,0,0,Not Present,"['AcrIE1', 'AcrIF12']",CRISPR-,1,1,18,0,18,7,17,7,17,0,5,0,15,3,0,46,0,2,14,170
IMP-13_GCF_003950015,7178010,0,1,0,Present,,CRISPR+,1,1,25,6,22,7,22,13,20,0,3,0,24,10,0,46,2,6,23,230
IMP66_GCF_008033765,6486340,0,1,0,Present,"['AcrIF2', 'AcrIE4-IF7']",CRISPR-,1,0,14,6,16,4,16,6,16,0,3,0,11,2,0,46,0,2,13,155
IMP67_GCF_008033725,6501410,0,1,0,Present,"['AcrIF2', 'AcrIE4-IF7']",CRISPR-,1,0,14,6,16,4,16,6,16,0,3,0,11,2,0,46,0,2,13,155
IMP68_GCF_008033745,6481700,0,1,0,Present,"['AcrIF2', 'AcrIE4-IF7']",CRISPR-,1,0,14,6,16,4,16,6,16,0,3,0,11,2,0,46,0,2,13,155
INP-43_GCF_009905195,6335030,0,1,0,Present,,CRISPR+,1,1,17,6,17,5,17,6,16,0,3,0,14,4,0,39,0,2,14,161
IOMTU_133_GCF_001548335,6897020,0,0,0,Not Present,,CRISPR-,2,1,20,0,21,5,17,6,17,0,3,0,35,1,0,46,3,6,12,193
JB2_GCF_003060845,6867310,0,0,0,Not Present,['AcrIF6'],CRISPR-,2,1,16,0,19,6,18,6,17,0,5,0,16,3,0,43,0,2,14,166
JNQH-PA57_GCF_014217315,6747070,0,0,0,Not Present,,CRISPR-,2,1,17,0,18,4,18,9,17,0,3,0,13,3,1,46,1,6,14,171
JT86_GCF_014854655,6520280,0,0,0,Not Present,,CRISPR-,1,0,13,0,17,4,19,6,17,0,3,0,20,1,0,40,0,7,13,160
K34-7_GCF_003206535,7042450,0,1,0,Present,,CRISPR+,1,1,19,6,19,5,20,8,18,0,3,0,24,3,0,43,0,6,17,192
KC-Tt-1_GCF_014930935,6229400,0,0,0,Not Present,,CRISPR-,2,1,13,0,16,3,16,5,16,0,3,0,8,2,0,37,0,2,12,134
KRP1_GCF_009676885,6737400,0,0,0,Not Present,"['AcrIE1', 'AcrIF12']",CRISPR-,1,1,18,0,18,7,17,7,17,0,5,0,13,3,0,46,0,2,14,168
L10_GCF_002223805,6661960,0,1,0,Present,,CRISPR+,2,0,15,6,17,3,17,7,16,0,4,0,16,4,1,40,0,6,13,165
LES431_GCF_000508765,6550070,0,0,0,Not Present,"['AcrIE4', 'AcrIF3', 'AcrIF5']",CRISPR-,1,1,15,0,15,4,16,6,16,0,4,0,10,2,0,40,0,2,12,143
LESB58_GCF_000026645,6601760,0,0,0,Not Present,"['AcrIE4', 'AcrIF3', 'AcrIF5']",CRISPR-,1,1,15,0,15,4,16,6,16,0,4,0,11,2,0,40,0,2,12,144
LIUYANG-A_GCF_013305845,6289000,0,0,0,Not Present,,CRISPR-,1,0,14,0,16,3,16,9,16,0,3,0,10,3,0,40,0,2,12,144
LIUYANG-C_GCF_013305815,6266740,0,0,0,Not Present,,CRISPR-,1,0,14,0,16,3,16,9,16,0,3,0,10,3,0,40,0,2,12,144
LIUYANG-E_GCF_013305765,6275140,0,0,0,Not Present,,CRISPR-,1,0,14,0,16,3,16,9,16,0,3,0,10,3,0,40,0,2,12,144
LW_GCF_004010895,6824840,0,0,0,Not Present,,CRISPR-,2,1,16,0,19,6,19,8,18,0,3,0,28,1,1,47,0,3,13,183
LYSZa7_GCF_016584725,6534360,0,1,0,Present,,CRISPR+,2,0,15,6,18,5,16,6,16,0,3,0,11,2,0,48,1,2,13,162
LYT4_GCF_012971705,6814020,0,0,0,Not Present,,CRISPR-,1,2,15,0,18,4,18,8,17,0,3,0,14,1,1,46,0,2,12,161
M1608_GCF_001516365,6460020,0,1,0,Present,,CRISPR+,2,0,17,6,17,4,17,9,16,0,4,0,11,6,1,40,0,6,16,170
M18_GCF_000226155,6327750,0,1,0,Present,,CRISPR+,1,0,12,6,15,3,16,7,16,0,3,0,13,2,0,41,0,2,11,147
M37351_GCF_001516385,6897230,0,1,0,Present,"['AcrIF3', 'AcrIF3']",CRISPR-,2,0,18,6,19,4,17,10,16,0,4,0,11,7,1,43,0,6,17,179
MINF_3A-sc-2280432_GCF_905071885,6931860,0,1,0,Present,"['AcrIF6', 'AcrIF6']",CRISPR-,2,0,20,6,18,5,18,9,17,0,4,0,21,3,0,43,0,2,14,180
MINF_7A-sc-2280434_GCF_904866275,6270460,0,1,0,Present,,CRISPR+,1,1,13,6,15,3,16,7,16,0,3,0,7,2,0,38,0,2,11,140
MPAO1_GCF_016107485,6275470,0,0,0,Not Present,,CRISPR-,1,0,14,0,16,3,16,9,16,0,3,0,10,3,0,40,0,2,12,144
MRSN12280_GCF_003028335,7050930,0,0,0,Not Present,"['AcrIE1', 'AcrIE3', 'AcrIF12']",CRISPR-,2,1,16,0,18,7,18,12,16,0,4,0,26,4,0,50,0,6,13,191
MS14403_GCF_011045375,6332310,0,1,0,Present,,CRISPR+,1,0,13,6,15,4,16,8,16,0,3,0,7,1,0,41,0,2,11,143
MTB-1_GCF_000504045,6580040,0,0,0,Not Present,,CRISPR-,2,0,15,0,16,4,16,5,16,0,3,0,9,2,1,45,0,2,13,147
N15-01092_GCF_003571505,6972900,1,1,0,Present,,CRISPR+,1,1,16,11,20,6,19,6,18,0,3,0,30,4,0,44,0,11,12,201
N17-1_GCF_001606045,6370730,0,0,1,Present,,CRISPR+,1,0,13,6,16,4,16,8,16,0,3,0,9,3,0,43,1,2,13,153
NCGM_1900_GCF_000829275,6814940,0,0,0,Not Present,,CRISPR-,2,0,15,0,19,5,22,8,19,0,4,0,15,6,0,47,1,3,14,178
NCGM_1984_GCF_000829255,6850950,0,0,0,Not Present,,CRISPR-,2,0,15,0,19,5,22,8,19,0,4,0,15,6,0,47,1,3,14,178
NCGM2_S1_GCF_000284555,6764660,0,0,0,Not Present,,CRISPR-,2,0,16,0,15,5,18,8,16,0,4,0,17,4,0,44,0,6,13,166
NCGM257_GCF_001547955,7090690,0,1,0,Present,"['AcrIE1', 'AcrIF4', 'AcrIE3', 'AcrIF12']",CRISPR-,2,0,18,6,18,6,17,10,16,0,4,0,15,4,0,46,2,3,16,181
NCTC10332_GCF_001457615,6316980,0,1,0,Present,,CRISPR+,1,0,12,6,13,3,14,5,14,0,3,0,10,1,0,40,0,2,11,134
NCTC10728_GCF_900637045,6363390,1,0,0,Present,,CRISPR+,1,0,13,5,15,3,16,6,16,0,3,0,8,4,1,38,0,2,12,142
NCTC11445_GCF_900636735,6766290,0,1,0,Present,"['AcrIE1', 'AcrIE4-IF7', 'AcrIF12']",CRISPR-,1,0,15,6,17,6,16,8,16,0,3,0,15,1,0,44,1,2,13,163
NCTC12903_GCF_900636755,6839990,0,0,0,Not Present,"['AcrIE1', 'AcrIF12']",CRISPR-,1,1,18,0,17,7,17,7,17,0,4,0,21,3,0,44,1,2,15,174
NCTC13359_GCF_901472545,6791490,1,1,0,Present,"['AcrIE1', 'AcrIF12']",CRISPR-,1,0,12,10,16,4,15,7,15,0,3,0,14,4,0,43,0,3,14,160
NCTC13618_GCF_901472595,6788590,0,0,0,Not Present,"['AcrIE1', 'AcrIF12']",CRISPR-,1,1,17,0,17,7,17,7,17,0,4,0,11,3,0,46,0,2,12,161
NCTC13620_GCF_901472565,6779270,0,1,0,Present,,CRISPR+,1,1,15,6,17,4,17,8,16,0,3,1,15,3,0,46,3,4,12,171
NCTC13715_GCF_900636975,6765310,1,0,0,Present,,CRISPR+,2,1,17,5,21,4,21,5,17,0,3,0,21,3,0,46,1,2,15,182
NHmuc_GCF_001900265,6213280,1,1,0,Present,,CRISPR+,1,0,13,11,16,3,16,5,17,0,3,0,7,2,0,38,0,2,12,145
NRD619_GCF_014467035,6438950,0,1,0,Present,['AcrIE3'],CRISPR+,1,1,14,6,17,4,16,6,16,0,4,0,11,2,0,42,0,2,12,153
Ocean-1155_GCF_002237405,6952240,0,0,0,Not Present,"['AcrIE1', 'AcrIF12']",CRISPR-,2,1,16,0,19,6,17,10,16,0,3,0,19,3,0,47,2,2,12,173
Ocean-1175_GCF_002237425,6943220,0,0,0,Not Present,"['AcrIE1', 'AcrIF12']",CRISPR-,2,1,15,0,19,6,17,10,16,0,3,0,19,4,0,47,2,2,13,174
P23_GCF_015832075,6950190,0,0,0,Not Present,,CRISPR-,1,0,20,0,18,6,18,12,18,0,3,0,18,2,1,43,0,6,20,185
P33_GCF_015832055,7117590,0,0,0,Not Present,,CRISPR-,1,0,21,0,18,7,18,11,18,0,3,0,25,4,1,45,0,6,22,199
PA_150577_GCF_002442855,6334470,0,1,0,Present,,CRISPR+,1,0,13,6,15,3,16,6,16,0,3,0,12,3,0,40,0,2,12,147
PA_154197_GCF_002075065,6445240,0,1,0,Present,,CRISPR+,1,0,14,6,16,4,16,7,16,0,3,0,11,2,1,41,0,2,14,153
PA_D1_GCF_001721745,6643820,0,1,0,Present,,CRISPR+,2,0,14,6,18,3,22,6,19,0,3,0,17,1,0,45,0,6,11,171
PA_D16_GCF_001721805,6681980,0,1,0,Present,,CRISPR+,2,0,14,6,19,3,23,6,20,0,3,0,17,1,0,45,0,6,11,174
PA_D2_GCF_001721765,6643000,0,1,0,Present,,CRISPR+,2,0,14,6,18,3,22,6,19,0,3,0,17,1,0,45,0,6,11,171
PA_D21_GCF_001722045,6639110,0,1,0,Present,,CRISPR+,2,0,14,6,18,3,22,6,19,0,3,0,17,1,0,45,0,6,11,171
PA_D22_GCF_001721825,6681980,0,1,0,Present,,CRISPR+,2,0,14,6,18,3,22,6,19,0,3,0,17,1,0,45,0,6,11,171
PA_D25_GCF_001721845,6683200,0,1,0,Present,,CRISPR+,2,0,14,6,18,3,22,6,19,0,3,0,17,1,0,45,0,6,11,171
PA_D5_GCF_001722025,6681990,0,1,0,Present,,CRISPR+,2,0,14,6,18,3,22,6,19,0,3,0,19,1,0,45,0,6,11,173
PA_D9_GCF_001721785,6645480,0,1,0,Present,,CRISPR+,2,0,14,6,18,3,22,6,19,0,3,0,17,1,0,45,0,6,11,171
PA0750_GCF_004014755,6241880,0,0,0,Not Present,,CRISPR-,1,0,14,0,16,3,16,9,16,0,3,0,10,3,0,40,0,2,12,144
PA1_GCF_000496605,6498070,0,0,0,Not Present,,CRISPR-,1,0,14,0,16,5,16,8,16,0,3,0,12,2,0,43,0,6,12,153
PA1088_GCF_001792835,6721480,0,0,1,Present,,CRISPR+,1,2,17,6,19,5,19,8,17,0,3,0,19,1,0,46,0,2,14,178
PA11803_GCF_001792875,7006580,0,0,0,Not Present,"['AcrIE1', 'AcrIF3']",CRISPR-,1,2,19,0,18,5,19,7,17,0,3,0,23,1,0,44,0,2,14,174
Pa1207_GCF_002208645,7411860,0,0,0,Not Present,"['AcrIE1', 'AcrIF12']",CRISPR-,1,0,17,0,19,7,20,8,19,0,5,0,23,2,0,46,2,2,13,183
PA121617_GCF_001679685,6853510,0,1,0,Present,,CRISPR+,1,0,14,6,16,4,18,8,17,0,3,0,20,2,2,39,0,2,12,163
Pa124_GCF_002192475,7008520,0,0,0,Not Present,,CRISPR-,2,0,15,0,17,4,19,8,18,0,5,0,27,2,0,43,0,4,14,176
Pa1242_GCF_002205375,7050510,0,0,0,Not Present,,CRISPR-,1,1,18,0,19,5,19,8,18,0,3,0,17,2,0,47,0,2,14,173
Pa127_GCF_002205355,7148300,0,0,0,Not Present,,CRISPR-,2,0,15,0,17,4,19,8,18,0,5,0,27,2,0,43,0,4,14,176
PA14Or_reads_GCF_900095805,6541480,0,1,0,Present,,CRISPR+,2,0,16,6,18,4,17,9,16,0,4,0,10,3,1,43,0,6,14,167
PA19-3047_GCF_016743115,6857400,0,0,0,Not Present,,CRISPR-,2,0,15,0,19,6,22,8,19,0,4,0,16,5,0,46,1,3,14,178
PA1R_GCF_000496645,6309310,0,0,0,Not Present,,CRISPR-,1,0,15,0,16,6,16,8,16,0,3,0,12,2,0,40,0,6,12,152
PA1RG_GCF_001293085,6500440,0,0,0,Not Present,,CRISPR-,1,0,14,0,16,5,16,8,16,0,3,0,12,2,0,43,0,6,12,153
PA298_GCF_005305005,6935670,0,0,1,Present,,CRISPR+,1,0,17,6,19,5,18,9,17,0,3,0,16,1,0,48,0,2,14,175
PA3_GCF_014490645,6550150,0,0,0,Not Present,,CRISPR-,1,1,13,0,17,4,15,5,14,0,4,0,10,3,0,37,0,2,12,137
PA34_GCF_003332705,6810080,0,0,0,Not Present,,CRISPR-,2,1,15,0,21,6,20,7,18,0,3,0,15,2,0,47,0,2,13,170
Pa58_GCF_002192495,7241580,0,0,0,Not Present,['AcrIF6'],CRISPR-,2,1,15,0,26,5,23,7,20,0,3,0,32,5,0,47,0,6,16,206
PA59_GCF_009497675,6972990,0,0,0,Not Present,,CRISPR-,1,2,15,0,19,5,19,9,17,0,5,0,22,4,1,43,0,2,13,176
PA7_GCF_000017205,6588340,0,0,0,Not Present,,CRISPR-,3,1,18,0,17,5,17,7,17,0,4,0,20,2,0,43,1,2,15,169
PA7790_GCF_001870265,7067710,0,0,1,Present,,CRISPR+,1,2,19,7,19,6,19,8,17,0,3,0,24,1,0,47,0,2,15,189
PA8281_GCF_001792855,6928740,0,0,1,Present,,CRISPR+,1,2,19,7,19,6,19,8,17,0,3,0,25,1,0,47,0,2,15,190
PA83_GCF_002215345,7214310,0,1,0,Present,,CRISPR+,1,1,20,6,19,6,20,12,18,0,3,0,32,4,0,50,0,6,18,215
Pa84_GCF_002205335,6566720,1,0,0,Present,['AcrIE3'],CRISPR-,1,0,14,5,15,4,15,7,15,0,3,0,11,2,0,45,0,6,12,154
PAAK088_GCF_013341295,6390210,0,1,0,Present,,CRISPR+,1,0,14,6,16,3,16,6,15,0,3,0,14,1,0,37,0,2,11,144
PAAK095_GCF_013341315,6780780,0,0,0,Not Present,,CRISPR-,1,1,16,0,19,5,22,6,21,0,4,0,27,6,0,35,0,4,16,182
PABL012_GCF_003429185,6546470,0,0,0,Not Present,,CRISPR-,1,0,17,0,16,4,16,5,16,0,3,0,12,1,0,43,0,6,13,152
PABL017_GCF_003429205,6503460,0,1,0,Present,,CRISPR+,1,0,14,6,18,4,16,6,17,0,3,0,15,1,1,44,0,2,14,161
PABL048_GCF_003411785,7294580,0,0,0,Not Present,,CRISPR-,2,3,21,0,18,8,16,9,16,0,6,0,19,3,0,51,2,2,14,188
PAC1_GCF_013201115,7564380,0,1,0,Present,,CRISPR+,1,3,21,6,20,6,19,13,18,0,6,0,30,3,0,49,1,6,20,221
PAC6_GCF_013201095,6543890,0,0,0,Not Present,,CRISPR-,2,1,14,0,17,3,16,6,15,0,3,0,19,2,2,41,0,2,11,152
PAER4_119_GCF_001879525,6504660,0,0,0,Not Present,,CRISPR-,1,1,14,0,16,4,17,6,17,0,5,0,12,2,1,41,0,2,11,149
paerg000_GCF_900618245,6493560,0,0,0,Not Present,,CRISPR-,1,0,15,0,16,4,17,5,17,0,5,0,12,3,0,41,0,2,13,150
paerg002_GCF_900618255,6451470,0,1,0,Present,,CRISPR+,1,1,17,6,16,4,16,5,16,0,3,1,8,2,0,42,0,2,13,152
paerg003_GCF_900618275,6433960,0,1,0,Present,,CRISPR+,1,1,17,6,16,4,16,5,16,0,3,1,8,2,0,42,0,2,13,152
paerg004_GCF_900618265,6452810,0,1,0,Present,,CRISPR+,1,1,17,6,16,4,16,5,16,0,3,1,8,2,0,42,0,2,13,152
paerg005_GCF_900618285,6931420,0,0,0,Not Present,,CRISPR-,2,0,14,0,20,4,22,8,20,0,6,0,22,2,0,49,0,4,14,185
paerg009_GCF_900618305,6941290,0,0,0,Not Present,,CRISPR-,2,0,13,0,19,4,22,8,20,0,6,0,22,2,0,49,0,4,14,183
paerg010_GCF_900618315,6433960,0,1,0,Present,,CRISPR+,1,1,17,6,16,4,16,5,16,0,3,1,8,2,0,42,0,2,13,152
paerg011_GCF_900618325,6434130,0,1,0,Present,,CRISPR+,1,1,17,6,16,4,16,5,16,0,3,1,8,2,0,42,0,2,13,152
paerg012_GCF_900618335,6434020,0,1,0,Present,,CRISPR+,1,1,17,6,16,4,16,5,16,0,3,1,8,2,0,42,0,2,13,152
PAG5_GCF_011106815,7229900,0,0,0,Not Present,,CRISPR-,1,0,16,0,18,5,18,12,17,0,3,0,27,1,0,47,2,6,17,189
PAK_GCF_000568855,6283320,0,0,0,Not Present,,CRISPR-,1,0,14,0,15,4,19,6,17,0,3,0,14,1,0,37,0,6,11,147
PAK_GCF_902172305,6395870,0,0,0,Not Present,,CRISPR-,1,0,14,0,16,4,19,6,17,0,3,0,14,1,0,37,0,6,12,149
PAO1_GCF_000006765,6264400,0,0,0,Not Present,,CRISPR-,1,0,13,0,17,3,16,7,16,0,3,0,10,3,0,36,0,2,12,138
PAO1_GCF_013001005,6217900,0,0,0,Not Present,,CRISPR-,1,0,13,0,16,3,16,9,16,0,3,0,10,3,0,39,0,2,11,141
PAO1_Orsay_GCF_900070375,6276470,0,0,0,Not Present,,CRISPR-,1,0,14,0,16,3,16,9,16,0,3,0,10,3,0,40,0,2,12,144
PAO1161_GCF_004102665,6383800,0,0,0,Not Present,,CRISPR-,1,0,15,0,17,4,16,10,16,0,3,0,11,3,0,43,0,2,13,153
PARM801_GCF_016864415,7130560,0,0,0,Not Present,,CRISPR-,1,0,17,0,20,6,19,9,19,0,4,0,17,3,0,48,0,2,15,179
PASGNDM345_GCF_002104615,6893160,0,0,0,Not Present,,CRISPR-,2,1,15,0,20,5,18,7,18,0,3,0,18,1,0,48,1,2,14,171
PASGNDM699_GCF_002104595,6985100,0,0,0,Not Present,,CRISPR-,2,1,16,0,21,6,18,8,18,0,3,0,19,1,0,51,1,2,15,180
PB350_GCF_002812905,6752910,0,0,0,Not Present,,CRISPR-,2,0,15,0,17,5,20,8,18,0,5,0,15,4,0,46,1,3,12,169
PB353_GCF_002812865,6497440,0,0,0,Not Present,,CRISPR-,1,1,14,0,16,3,18,6,17,0,3,0,12,5,0,38,0,2,16,151
PB354_GCF_002812885,6494280,0,0,0,Not Present,,CRISPR-,1,1,14,0,16,3,18,6,17,0,3,0,12,5,0,38,0,2,16,151
PB367_GCF_002812925,6752910,0,0,0,Not Present,,CRISPR-,2,0,15,0,17,5,20,8,18,0,5,0,15,4,0,46,1,3,12,169
PB368_GCF_002812845,6638560,1,0,0,Present,"['AcrIE1', 'AcrIF3', 'AcrIF7', 'AcrIF12']",CRISPR-,2,0,17,5,16,5,17,6,16,0,5,0,15,4,0,45,2,2,10,165
PB369_GCF_002812825,6526810,1,0,0,Present,"['AcrIE1', 'AcrIF3', 'AcrIF7', 'AcrIF12']",CRISPR-,2,0,17,5,16,5,17,6,16,0,5,0,14,4,0,44,2,2,10,163
PcyII-10_GCF_900149285,6288640,0,1,0,Present,,CRISPR+,1,1,13,6,16,3,17,7,16,0,3,0,6,1,0,40,0,2,11,142
PcyII-29_GCF_902703185,6621210,0,0,0,Not Present,"['AcrIE1', 'AcrIF12']",CRISPR-,1,0,13,0,18,4,21,9,19,0,3,0,18,3,2,43,0,4,13,170
PcyII-40_GCF_902703195,6831270,0,0,0,Not Present,['AcrIF3'],CRISPR-,2,0,14,0,17,4,19,8,17,0,5,0,18,3,0,42,0,4,13,164
PPF-1_GCF_002287725,6930890,0,0,0,Not Present,"['AcrIE1', 'AcrIF12']",CRISPR-,2,0,17,0,20,6,21,9,19,0,4,0,42,6,0,42,1,4,17,208
PSE6684_GCF_013255565,6924370,1,0,0,Present,,CRISPR+,2,0,15,5,20,5,20,6,16,0,4,0,15,4,0,48,1,2,13,174
R31_GCF_014792125,6923280,0,0,0,Not Present,,CRISPR-,1,0,20,0,18,6,18,10,18,0,3,0,17,2,1,45,0,6,19,183
RD1-3_GCF_009911735,6397160,0,1,0,Present,,CRISPR+,1,0,17,6,15,4,16,5,16,0,3,0,13,2,0,40,0,2,11,150
RIVM-EMC2982_GCF_002085605,7380060,0,0,0,Not Present,"['AcrIE3', 'AcrIF4', 'AcrIE4-IF7']",CRISPR-,1,1,22,0,22,6,17,7,17,0,6,0,29,5,0,45,1,6,20,204
RP73_GCF_000414035,6342030,1,0,0,Present,,CRISPR+,1,1,13,5,17,4,17,7,17,0,3,0,8,2,0,43,0,2,12,151
RW109_GCF_900243355,7756220,1,0,0,Present,,CRISPR+,1,1,17,5,24,7,18,10,17,0,3,0,31,6,0,57,0,6,21,223
S86968_GCF_001515845,6934280,0,0,0,Not Present,,CRISPR-,1,1,18,0,19,7,18,7,18,0,4,0,49,2,0,51,1,2,15,212
SCV20265_GCF_000510305,6725180,0,1,0,Present,"['AcrIE1', 'AcrIE4-IF7', 'AcrIF12']",CRISPR-,1,0,15,6,17,5,17,6,17,1,4,0,13,3,0,43,0,2,14,163
SCVFeb_GCF_001900195,6213030,1,1,0,Present,,CRISPR+,1,0,13,11,16,3,16,5,17,0,3,0,7,2,0,38,0,2,12,145
SCVJan_GCF_001900225,6213030,1,1,0,Present,,CRISPR+,1,0,13,11,16,3,16,5,17,0,3,0,7,2,0,38,0,2,12,145
SE5331_GCF_013393665,7056430,0,0,0,Not Present,,CRISPR-,2,0,18,0,17,6,20,9,18,0,5,1,21,6,0,45,0,2,16,184
SE5352_GCF_016745135,6904220,0,0,0,Not Present,,CRISPR-,2,0,18,0,17,6,20,8,18,0,5,1,21,6,0,45,0,2,16,183
SE5357_GCF_016745155,7043470,0,1,0,Present,,CRISPR+,1,0,16,6,19,4,18,8,18,0,3,0,23,1,0,44,1,2,18,181
SE5369_GCF_013393685,7153220,0,0,0,Not Present,,CRISPR-,1,1,17,0,18,6,17,8,17,0,4,0,22,3,0,44,1,4,15,177
SE5416_GCF_013393705,6874270,1,0,0,Present,,CRISPR+,1,0,15,5,18,5,18,7,16,0,4,0,12,2,0,46,0,2,12,162
SE5429_GCF_016745175,7103850,0,0,1,Present,"['AcrIE3', 'AcrIF4']",CRISPR-,2,0,16,6,20,6,21,9,17,0,4,0,20,3,0,47,0,2,12,183
SE5443_GCF_013394455,6579570,0,0,0,Not Present,,CRISPR-,1,0,16,0,18,6,16,7,16,0,3,0,16,1,0,47,0,2,13,161
SE5458_GCF_013394475,7157750,0,0,0,Not Present,,CRISPR-,2,0,17,0,20,7,20,9,16,0,4,0,20,3,0,45,0,2,12,175
SJTD-1_GCF_000271985,6243830,0,1,0,Present,,CRISPR+,1,0,13,6,16,3,17,5,16,0,3,0,8,1,0,39,1,2,11,141
SP2230_GCF_003952285,6976600,0,1,0,Present,,CRISPR+,2,0,18,6,15,3,15,6,14,0,3,0,31,2,0,44,0,4,15,176
SP4371_GCF_003950255,6937610,0,1,0,Present,,CRISPR+,2,1,22,6,18,4,18,6,17,0,5,0,28,5,1,47,0,3,19,200
SP4527_GCF_003991465,7005210,0,1,0,Present,,CRISPR+,2,1,22,6,21,4,19,6,18,0,3,0,27,5,1,48,0,2,19,202
SP4528_GCF_003716765,6877290,0,1,0,Present,,CRISPR+,2,1,22,6,17,5,17,7,16,0,5,0,29,4,1,47,0,3,19,199
ST773_GCF_009664165,6835730,1,0,0,Present,,CRISPR+,2,0,15,5,20,4,20,5,16,0,4,0,16,5,0,46,1,2,15,174
T2101_GCF_009720425,7013380,0,0,0,Not Present,,CRISPR-,1,0,18,0,17,5,16,7,16,0,3,0,16,1,0,47,0,2,14,162
T2436_GCF_009720405,7204900,0,0,0,Not Present,,CRISPR-,2,0,16,0,18,5,16,10,16,0,3,1,23,2,0,45,0,2,12,169
T38079_GCF_001515915,6795740,0,0,0,Not Present,"['AcrIE1', 'AcrIF12']",CRISPR-,1,1,17,0,18,6,17,6,17,0,4,0,13,3,0,48,1,2,16,169
T52373_GCF_001516005,6322460,0,0,0,Not Present,,CRISPR-,1,0,13,0,15,3,16,5,16,0,3,0,9,1,0,39,0,2,11,133
T63266_GCF_001516105,6456870,0,0,0,Not Present,,CRISPR-,1,1,15,1,15,5,16,5,16,0,3,0,11,2,0,42,0,2,12,146
TJ2014-049_GCF_016105885,6660260,0,0,0,Not Present,,CRISPR-,2,0,14,0,18,5,18,7,16,0,3,0,14,1,0,45,0,2,13,156
TJ2019-017_GCF_016105665,6478780,0,1,0,Present,,CRISPR+,1,1,13,6,18,4,18,10,16,0,3,0,9,4,0,43,1,2,13,161
TJ2019-022_GCF_016105505,7157190,0,1,0,Present,,CRISPR+,1,1,20,6,18,6,18,8,17,0,4,0,19,2,0,49,0,3,15,186
UCBPP-PA14_GCF_000014625,6537650,0,1,0,Present,,CRISPR+,2,0,16,6,17,4,17,9,16,0,4,0,10,3,1,43,0,6,14,166
USDA-ARS-USMARC-41639_GCF_001518975,6364580,0,0,0,Not Present,,CRISPR-,1,0,15,0,16,3,16,5,16,0,3,0,10,1,0,41,0,6,12,144
VA-134_GCF_001447845,6400420,0,1,1,Present,,CRISPR+,1,0,13,11,17,4,16,5,16,0,3,0,7,1,0,41,0,2,12,148
VRFPA04_GCF_000473745,6818030,0,0,0,Not Present,,CRISPR-,2,0,18,0,15,7,16,8,16,0,3,0,10,2,0,45,0,4,14,158
W16407_GCF_001516165,6808840,0,1,0,Present,,CRISPR+,1,0,16,6,16,4,16,12,16,0,4,0,17,5,0,43,1,6,19,181
W36662_GCF_001516185,6791730,0,1,0,Present,,CRISPR+,1,1,16,6,18,5,20,8,18,0,4,1,19,3,0,45,3,4,13,184
W45909_GCF_001516205,6777570,0,0,0,Not Present,"['AcrIE1', 'AcrIF12']",CRISPR-,1,2,19,0,18,8,17,7,17,0,5,0,13,4,0,46,2,2,16,176
W60856_GCF_001516225,6896700,0,0,0,Not Present,"['AcrIE1', 'AcrIF12']",CRISPR-,1,2,15,0,19,6,18,8,18,0,4,0,20,3,0,45,0,2,13,173
WCHPA075019_GCF_003052005,6886080,0,0,0,Not Present,,CRISPR-,1,0,17,0,17,5,18,9,18,0,3,0,17,3,0,46,0,2,15,170
X78812_GCF_001542795,6348760,0,1,0,Present,,CRISPR+,1,0,17,6,15,3,16,5,16,0,3,0,7,3,0,37,0,2,13,143
Y31_GCF_003369775,6831080,0,0,0,Not Present,,CRISPR-,1,2,17,0,16,6,16,8,16,0,3,0,10,3,0,49,2,2,14,164
Y71_GCF_003408495,6940950,0,0,0,Not Present,,CRISPR-,1,0,18,0,16,5,16,6,16,0,4,0,12,3,0,45,0,6,16,163
Y82_GCF_003369755,7106860,0,0,0,Not Present,"['AcrIF2', 'AcrIE4-IF7']",CRISPR-,1,0,20,0,20,7,17,8,17,0,5,0,27,3,0,48,1,6,19,198
Y89_GCF_003369735,6954670,0,0,0,Not Present,,CRISPR-,1,0,19,0,17,6,16,7,16,0,4,0,14,3,0,49,0,6,17,174
YB01_GCF_009867055,6299460,1,0,0,Present,,CRISPR+,1,0,13,5,16,3,17,6,16,0,3,0,9,2,1,39,0,2,11,143
YD001_GCF_013260445,6496760,1,0,0,Present,,CRISPR+,1,0,15,5,16,4,16,6,16,0,3,0,10,1,0,41,0,2,11,146
YL84_GCF_000524595,6433440,0,1,0,Present,['AcrIF12'],CRISPR-,1,0,15,6,17,5,17,8,16,0,3,0,9,2,0,44,1,3,13,159
YT12746_GCF_013305645,6870660,1,1,0,Present,"['AcrIF3', 'AcrIE2']",CRISPR-,1,1,15,11,18,4,16,9,16,0,3,0,13,1,0,45,1,6,12,171
YTSEY8_GCF_016745115,7177050,1,1,0,Present,"['AcrIF3', 'AcrIE2']",CRISPR-,1,1,15,11,18,4,16,8,16,0,3,0,14,1,0,45,1,6,12,171
